﻿<?xml version="1.0" encoding="utf-8" standalone="no" ?>
<modDesc descVersion="93">
    <title>
        <en>Simple Inspector</en>
        <de>Einfacher Inspektor</de>
    </title>
    <description>
        <en><![CDATA[Simple Inspector shows a HUD overlay with vehicle statistics

Display Options:
 - 4 on screen placement locations - each corner of the display
 - Just your vehicles or all vehicles
 - Speed of vehicles
 - Fuel level of vehicles
 - On Field Status, optionally with Field number
 - Occupation status - Vanilla AI, AutoDrive, CoursePlay, user, or no-one
 - CoursePlay course progression and time remaining, if applicable
 - AutoDrive course time remaining, if applicable
 - Fill level of vehicle and attached implements
 - Damage warning if vehicle or attached implement is over threshold

Default Input Bindings:
Left Ctrl + Left Alt + Num Pad 9 : Reload configuration file from disk
Left Alt + Num Pad 9 : Toggle HUD Visibility]]></en>
        <de><![CDATA[Einfacher Inspektor zeigt ein HUD-Overlay mit Fahrzeugstatistiken

Anzeigeoptionen:
 - 4 Platzierungsorte auf dem Bildschirm 
 - jede Ecke der Anzeige 
 - nur Ihre Fahrzeuge oder alle Fahrzeuge 
 - Geschwindigkeit der Fahrzeuge 
 - Kraftstoffstand der Fahrzeuge 
 - Status auf dem Feld, optional mit Feldnummer 
 - Besetzungsstatus - Vanilla AI, AutoDrive, CoursePlay, Benutzer oder niemand 
 - CoursePlay Kursverlauf und verbleibende Zeit, falls zutreffend
 - AutoDrive Kurs verbleibende Zeit, falls zutreffend
 - Füllstand des Fahrzeugs und der angehängten Arbeitsgeräte
 - Schadenswarnung, wenn das Fahrzeug oder das angehängte Gerät den Schwellenwert überschreitet

Standard-Eingabebindungen:
Left Ctrl + Left Alt + Num Pad 9 : Konfigurationsdatei von der Festplatte neu laden
Left Alt + Num Pad 9 : HUD-Sichtbarkeit umschalten]]></de>
    </description>
    <author>JTSage</author>
    <version>1.0.2.5</version>
    <iconFilename>modIcon.dds</iconFilename>
    <multiplayer supported="true"/>
    <extraSourceFiles>
        <sourceFile filename="loader.lua"/>
    </extraSourceFiles>
    <l10n filenamePrefix="translations/translation"/>

    <actions>
        <action name="SimpleInspector_reload_config" category="SYSTEM" axisType="HALF" ignoreComboMask="false" />
        <action name="SimpleInspector_toggle_visible" category="SYSTEM" axisType="HALF" ignoreComboMask="false" />
        <action name="SimpleInspector_toggle_allfarms" category="SYSTEM" axisType="HALF" ignoreComboMask="false" />
    </actions>
    <inputBinding>
        <actionBinding action="SimpleInspector_reload_config">
            <binding device="KB_MOUSE_DEFAULT" input="KEY_lctrl KEY_lalt KEY_KP_9" axisComponent="+" neutralInput="0" index="1" />
        </actionBinding>
        <actionBinding action="SimpleInspector_toggle_visible">
            <binding device="KB_MOUSE_DEFAULT" input="KEY_lalt KEY_KP_9" axisComponent="+" neutralInput="0" index="1" />
        </actionBinding>
    </inputBinding>
</modDesc>
